iter	RMSE
0	40.32883789
1	39.04062318
2	37.60336174
3	36.19310731
4	34.84710728
5	33.75920353
6	32.47984149
7	31.50998296
8	30.40763336
9	29.34868068
10	28.29840467
11	27.3866513
12	26.1933911
13	25.23241001
14	24.45497119
15	23.71877618
16	22.9016197
17	22.12467064
18	21.37018896
19	20.64731751
20	19.96361456
21	19.35484441
22	18.71653757
23	18.10348108
24	17.52040302
25	16.96675553
26	16.41034631
27	15.90397205
28	15.63315337
29	15.17819934
30	14.74502401
31	14.07018191
32	13.8902291333	13.30241736
334	13.0775918935	12.53281716
36	12.1750355
37	11.85444371
38	11.55389097
39	11.21367611
40	10.92086743
41	10.69428425
42	10.45943577
43	10.16038118
44	9.957656926
45	9.728933319
46	9.554499893
47	9.302697282
48	9.121234473
49	8.917171349
50	8.691602113
51	8.4638791
52	8.279053113
53	8.071688668
54	7.888219819
55	7.794496498
56	7.633623668
57	7.487098638
58	7.317391464
59	7.164625973
60	7.016133221
61	6.899036706
62	6.772086608
63	6.670041626
64	6.530138636
65	6.38250878
66	6.24284787
67	6.124956983
68	6.010448928
69	5.920464354
70	5.865132017
71	5.75873519
72	5.643746966
73	5.582783453
74	5.551735099
75	5.448483248
76	5.379226138
77	5.300829633
78	5.249233077
79	5.198608186
80	5.149329771
81	5.073030185
82	5.053780192
83	5.00408644
84	4.965195916
885	4.63677722
86	4.603655935
87	4.807245973
88	4.586286869
89	4.687219428
90	4.639838934
91	4.421306138
92	4.584555475
93	4.559462657
94	4.341561203
86
95	21.22824652
96	21.09499887
97	20.95133913
98	20.81318679
99	20.67727821
100	20.53211909
101	20.39838693
102	20.26191712
103	20.12424867
104	20.00065306
105	19.87806378
106	19.74374409

107	19.91203961
108	19.77738012
109	19.66216993
110	19.55321081
111	19.4341769
112	19.30348636
113	19.17835082
114	19.06307634
115	18.938036116	1.967634524
117	1.966216851
11118	18.57060481
119	18.45125804
120	18.34958442
121	18.233969122122	18.1131965
123	17.998077124124	17.88292483
125	17.79047467
126	17.70947432
127	17.60649564
128	17.49320551
129	17.38017514
130	17.28373334
131	17.1679103
132	17.05189367
133	16.94268376
134	16.84487654
135	16.73448622
136	16.62671744
137	16.51872728
138	16.42022082
139	16.32184671
140	16.23049058
141	16.12771839
142	16.03367787
143	15.94011724
144	15.8531171
145	15.75075233
146	15.65906642
147	15.55620107
148	15.46358148
149	15.37001172
150	15.27266193
151	15.18486578
152	15.09594634
153	15.00296929
154	14.91423282
155	14.82047125
156	14.74560899
157	14.65402472
158	14.57041394
159	14.48693834
160	14.39775616
161	14.31318843
85600998
163	1.85481149
164	1.846778422
165	1.845702085
166	1.828094524
167	1.82728845
168	1.821765978
169	1.812402655
170	1.794770043
171	1.787884654
172	1.786676538
173	1.785817728
174	1.77290732
175	1.772257928
176	1.771339696
177	1.761266341
178	1.754225523
179	1.743325623
180	1.742500154
181	1.740262552
182	1.726697489
183	1.717917609
184	1.717207634
185	1.703842795
186	1.688819009
187	1.680251189
188	1.669004276
189	1.662529544
190	1.650695831
191	1.648306266
192	1.6370344
193	1.617951592
194	1.615674066
195	1.60572654
196	1.605119959
197	1.595341452
198	1.589426557
199	1.582219151
200	1.576955878
201	1.572272462
202	1.55991187
203	1.549925255
204	1.549533666
205	1.543883822
206	1.536365249
207	1.5265328
208	1.523185889
209	1.511018386
210	1.507156855
211	1.496883249
212	1.488771034
213	1.479052916
214	1.469645599
215	1.466054611
216	1.462103394
217	1.461699478
218	1.455441275
219	1.449299229
220	1.443936477
221	1.437213678
222	1.433218166
223	1.429347994
224	1.423109676
225	1.414018968
226	1.413823155
227	1.411175996
228	1.407434619
229	1.405130958
230	1.401909785
231	1.399022791
232	1.393122421
233	1.391930442
234	1.386759762
235	1.382646749
236	1.375313249
237	1.368531138
238	1.361091293
239	1.353615955
240	1.346935142
241	1.344349085
242	1.339680011
243	1.336821214
244	1.331380814
245	1.325735266
246	1.323734867
247	1.317044131
248	1.312508063
249	1.305038277
250	1.300633434
251	1.300364776
252	1.296671001
253	1.294213671
254	1.288702037
255	1.284736319
256	1.281140056
257	1.276659786
258	1.271259907
259	1.269271186
260	1.268272788
261	1.264057783
262	1.257852765
263	1.253822769
264	1.251971789
265	1.24758327
266	1.24522773
267	1.237857309
268	1.232547563
269	1.227701105
270	1.222752549
271	1.219240271
