iter	Passed	Remaining
0	1	497
1	14	2194
2	15	1531
3	28	2079
4	29	1743
5	31	1545
6	36	1543
7	37	1377
8	38	1241
9	39	1135
10	40	1056
1111	70	1680
12	71	1575
13	72	1474
14	82	1576
15	84	1491
16	97	1622
17	98	1538
18	107	1594
19	108	1523
20	115	1530
21	118	1497
22	119	1437
23	134	1545
24	135	1490
227	131	1273
28	133	1247
29	142	1279
30	142	1240
31	145	1217
32	157	1272
33	158	1236
34	178	1353
35	179	1317
36	180	1281337	198	136636	222	1582
37	223	1539
38	231	1552
39	232	1511
40	233	1473
41	233	1436
42	243	1456
43	244	1421
44	249	1414
45	250	1382
46	251	1352
47	259	1363
48	260	1334
49	265	1329
50	266	1300
553	252	115152	274	1277
555	262	114354	283	1261
55	283	1236
558	264	107957	292	1220
560	274	107359	299	1196
60	299	1174
61	303	1164
62	304	1146
63	309	1140
64	309	1120
67	292	996
68	292	980
6967	320	1070	302	976
71	369	324	72	307	955
73	30871	329	1043
72	330	1028
73	331	1012
7477	320	912
78	323	903
79	323	890
80	331	895
81	332	882
82	332	8780	349	945
8184	337	858285	347	864
86	348	852
87	348	840
88	353	837
89	354	826
90	354	814
91	355	804
92	356	794
93	364	798
94	365	789
	392	873
93	394	863
78	1082
92	479	1067
93	483	1058
94	487	1052
95	488	1037
96	490	1027
97	491	1013
98	492	999
99	498	997
100	503	992
101	508	987
102	509	973
103	509	960
104	517	961
105	518	949
106	519	937
07	636	1131
108	637	1116
109	638	1102
110	641	1092
111	642	1077
112	646	1069
113	646	1055
114	647	1041
1116	586	918
117	587	906
1117	658	10111118	663	1008
119	663	995
120	664	9122	598	860
123122	666	9124	613	858
48
124	673	943
125	679	937
	657	895
127	658	884
128	664	880
129	665	869
130	665	858
131	669	851
132	669	841
133	670	830
134	673	823
135	674	813
136	679	808
137	679	798
138	680	788
139	686	784
140	687	774
141	687	765
142	688	755
143	689	747
144	690	737
145	693	731
146	694	722
147	695	713
148	698	707
149	702	702
150	703	694
151	704	685
152	704	677
153	709	672
154	710	664
155	711	656
156	718	654
157	721	648
158	722	640
159	729	638
160	730	630
161	731	622
	738
164	892	730
165	899	726
166	900	717
167	901	708
168	909	704
169	909	695
170	915	690
171	916	682
172	917	673
173	923	668
174	927	662
175	928	654
176	929	645
177	929	637
178	932	630
179	933	622
180	938	617
181	939	608
182	939	600
183	940	592
184	943	586
185	944	578
186	945	571
187	948	565
188	949	557
189	952	551
190	953	544
191	956	537
192	956	530
193	957	523
194	960	517
195	961	509
196	962	502
197	968	499
198	969	492
199	975	487
200	976	480
201	982	476
202	983	469
203	984	463
204	989	458
205	990	451
206	997	448
207	998	441
208	1004	437
209	1004	430
16	648	247
217	648	244
218	656	242
219	657	239
220	663	237
221	664	233
222	665	229
223	670	227
224	675	225
225	676	221
226	676	217
227	677	213
228	683	212
229	684	208
230	690	206
231	691	202
232	692	199
233	699	197
234	700	193
235	705	191
236	706	187
237	710	185
238	712	181
239	713	178
240	714	174
241	717	172
242	718	168
243	722	165
244	723	162
245	728	159
246	729	156
247	733	153
248	733	150
249	734	146
250	737	144
251	738	140
252	739	137
253	740	134
254	743	131
255	744	127
256	745	124
257	745	121
258	749	118
259	754	116
260	754	112
261	755	109
262	760	106
263	766	104
264	767	101
265	768	98
266	769	95
267	770	91
268	775	89
269	784	87
270	790	84
271	795	81
